{"cameraMode":{"drawMode":0,"name":"Shaded","section":"Shading Mode"},"sceneLighting":false,"audioPlay":false,"sceneViewState":{"m_AlwaysRefresh":false,"showFog":true,"showSkybox":false,"showFlares":true,"showImageEffects":true,"showParticleSystems":true,"showVisualEffectGraphs":true,"m_FxEnabled":true},"in2DMode":false,"pivot":{"x":-3.958120942115784e-9,"y":-1.5133991837501526e-9,"z":0.002800013404339552},"rotation":{"x":0.10028470307588577,"y":-0.7494618892669678,"z":0.11672186851501465,"w":0.6439182162284851},"size":0.006116161588579416,"orthographic":true}